{"viewLastModified": 1516075138, "indexUpdatedAt": 1516075158, "publicationGroup": 3554988, "columns": [{"cachedContents": {"null": 0, "largest": "White", "smallest": "Black", "non_null": 198, "top": [{"count": 20, "item": "White"}, {"count": 19, "item": "Black"}, {"count": 18, "item": "Black "}]}, "width": 148, "tableColumnId": 29760176, "position": 1, "fieldName": "race", "format": {}, "id": 260067085, "renderTypeName": "text", "dataTypeName": "text", "name": "Race"}, {"cachedContents": {"largest": "2013", "smallest": "1915", "average": "1964", "top": [{"count": 20, "item": "1983"}, {"count": 19, "item": "1984"}, {"count": 18, "item": "1985"}, {"count": 17, "item": "1986"}, {"count": 16, "item": "1987"}, {"count": 15, "item": "1988"}, {"count": 14, "item": "1989"}, {"count": 13, "item": "1990"}, {"count": 12, "item": "1991"}, {"count": 11, "item": "1992"}, {"count": 10, "item": "1993"}, {"count": 9, "item": "1994"}, {"count": 8, "item": "1995"}, {"count": 7, "item": "1996"}, {"count": 6, "item": "1997"}, {"count": 5, "item": "1998"}, {"count": 4, "item": "1999"}, {"count": 3, "item": "2000"}, {"count": 2, "item": "2001"}, {"count": 1, "item": "2002"}], "null": 0, "non_null": 198, "sum": "388872"}, "width": 148, "tableColumnId": 29760177, "position": 2, "fieldName": "year", "format": {"noCommas": "true", "align": "right", "precisionStyle": "standard"}, "id": 260067086, "renderTypeName": "number", "dataTypeName": "number", "name": "Year"}, {"cachedContents": {"largest": "195.20", "smallest": "5.07", "average": "40.10101010101010", "top": [{"count": 20, "item": "44.30"}, {"count": 19, "item": "19.20"}, {"count": 18, "item": "19.00"}, {"count": 17, "item": "18.90"}, {"count": 16, "item": "18.80"}, {"count": 15, "item": "18.50"}, {"count": 14, "item": "18.60"}, {"count": 13, "item": "18.00"}, {"count": 12, "item": "17.60"}, {"count": 11, "item": "16.80"}, {"count": 10, "item": "16.50"}, {"count": 9, "item": "15.80"}, {"count": 8, "item": "15.10"}, {"count": 7, "item": "14.70"}, {"count": 6, "item": "14.20"}, {"count": 5, "item": "14.30"}, {"count": 4, "item": "14.60"}, {"count": 3, "item": "14.10"}, {"count": 2, "item": "14.00"}, {"count": 1, "item": "14.40"}], "null": 0, "non_null": 198, "sum": "7940.00"}, "width": 352, "tableColumnId": 29760178, "position": 3, "fieldName": "infant_mortality_rate", "format": {"noCommas": "false", "align": "right", "precision": "1", "precisionStyle": "standard"}, "id": 260067087, "renderTypeName": "number", "dataTypeName": "number", "name": "Infant Mortality Rate"}], "category": "NCHS", "averageRating": 0, "hideFromCatalog": false, "createdAt": 1436900901, "publicationDate": 1466618246, "numberOfComments": 0, "owner": {"displayName": "NCHS", "flags": ["mayBeStoriesCoOwner"], "profileImageUrlLarge": "/api/users/ki96-txhe/profile_images/LARGE", "profileImageUrlSmall": "/api/users/ki96-txhe/profile_images/TINY", "id": "ki96-txhe", "screenName": "NCHS", "profileImageUrlMedium": "/api/users/ki96-txhe/profile_images/THUMB", "type": "interactive"}, "flags": ["default", "restorable", "restorePossibleForType"], "displayType": "table", "metadata": {"rdfSubject": "0", "rdfClass": "", "renderTypeConfig": {"visible": {"table": true}}, "custom_fields": {"Common Core": {"Publisher": "National Center for Health Statistics", "Contact Name": "National Center for Health Statistics", "Program Code": "009:020", "Contact Email": "nchsdata@cdc.gov", "Bureau Code": "009:00"}}, "rowIdentifier": "0", "rowLabel": "Row", "availableDisplayTypes": ["table", "fatrow", "page"]}, "viewCount": 1537, "downloadCount": 8974, "totalTimesRated": 0, "tags": ["infant mortality rates", "race", "united states", "nchs"], "query": {}, "rowClass": "", "licenseId": "PUBLIC_DOMAIN", "description": "All birth data by race before 1980 are based on race of the child; starting in 1980, birth data by race are based on race of the mother. Birth data are used to calculate infant mortality rate.\r\n\r\nhttps://www.cdc.gov/nchs/data-visualization/mortality-trends/", "tableAuthor": {"displayName": "NCHS", "flags": ["mayBeStoriesCoOwner"], "profileImageUrlLarge": "/api/users/ki96-txhe/profile_images/LARGE", "profileImageUrlSmall": "/api/users/ki96-txhe/profile_images/TINY", "id": "ki96-txhe", "screenName": "NCHS", "profileImageUrlMedium": "/api/users/ki96-txhe/profile_images/THUMB", "type": "interactive"}, "id": "ddsk-zebd", "rowsUpdatedAt": 1466618220, "rights": ["read"], "newBackend": true, "oid": 21863436, "hideFromDataJson": false, "rowsUpdatedBy": "ki96-txhe", "viewType": "tabular", "name": "NCHS - Infant Mortality Rates, by Race: United States, 1915-2013", "attribution": "National Center for Health Statistics", "tableId": 11485509, "license": {"name": "Public Domain"}, "provenance": "official", "publicationAppendEnabled": false, "grants": [{"flags": ["public"], "type": "viewer", "inherited": false}], "publicationStage": "published"}