{"viewLastModified": 1528117316, "indexUpdatedAt": 1528117500, "publicationGroup": 3555157, "columns": [{"cachedContents": {"largest": "2015", "smallest": "1900", "average": "1957.5", "top": [{"count": 20, "item": "1982"}, {"count": 19, "item": "1983"}, {"count": 18, "item": "1984"}, {"count": 17, "item": "1985"}, {"count": 16, "item": "1986"}, {"count": 15, "item": "1987"}, {"count": 14, "item": "1988"}, {"count": 13, "item": "1989"}, {"count": 12, "item": "1990"}, {"count": 11, "item": "1991"}, {"count": 10, "item": "1992"}, {"count": 9, "item": "1993"}, {"count": 8, "item": "1994"}, {"count": 7, "item": "1995"}, {"count": 6, "item": "1996"}, {"count": 5, "item": "1997"}, {"count": 4, "item": "1998"}, {"count": 3, "item": "1999"}, {"count": 2, "item": "2000"}, {"count": 1, "item": "2001"}], "null": 0, "non_null": 464, "sum": "908280"}, "width": 148, "tableColumnId": 29760962, "position": 1, "fieldName": "year", "format": {"noCommas": "true", "align": "right", "precisionStyle": "standard"}, "id": 318016944, "renderTypeName": "number", "dataTypeName": "number", "name": "Year"}, {"cachedContents": {"null": 0, "largest": "5-9 years", "smallest": "10-14 years", "non_null": 464, "top": [{"count": 20, "item": "10-14 years"}, {"count": 19, "item": "1-4 years"}, {"count": 18, "item": "15-19 years"}, {"count": 17, "item": "5-9 years"}]}, "width": 244, "tableColumnId": 29760961, "position": 2, "fieldName": "age_at_death", "format": {"align": "left", "displayStyle": "plain"}, "id": 318016943, "renderTypeName": "text", "dataTypeName": "text", "name": "Age Group"}, {"cachedContents": {"largest": "1983.8", "smallest": "11.4", "average": "197.2545258620690", "top": [{"count": 20, "item": "14.8"}, {"count": 19, "item": "26.3"}, {"count": 18, "item": "25.5"}, {"count": 17, "item": "44.8"}, {"count": 16, "item": "11.8"}, {"count": 15, "item": "14.0"}, {"count": 14, "item": "24.0"}, {"count": 13, "item": "45.5"}, {"count": 12, "item": "11.5"}, {"count": 11, "item": "14.6"}, {"count": 10, "item": "24.9"}, {"count": 9, "item": "48.3"}, {"count": 8, "item": "11.7"}], "null": 0, "non_null": 464, "sum": "91526.1"}, "width": 268, "tableColumnId": 29760963, "position": 3, "fieldName": "mortality_rate", "format": {"noCommas": "false", "align": "right", "precision": "1", "precisionStyle": "standard"}, "id": 318016945, "renderTypeName": "number", "dataTypeName": "number", "name": "Death Rate"}], "category": "NCHS", "averageRating": 0, "hideFromCatalog": false, "createdAt": 1436902041, "publicationDate": 1504106633, "numberOfComments": 0, "owner": {"displayName": "NCHS", "flags": ["mayBeStoriesCoOwner"], "profileImageUrlLarge": "/api/users/ki96-txhe/profile_images/LARGE", "profileImageUrlSmall": "/api/users/ki96-txhe/profile_images/TINY", "id": "ki96-txhe", "screenName": "NCHS", "profileImageUrlMedium": "/api/users/ki96-txhe/profile_images/THUMB", "type": "interactive"}, "flags": ["default", "restorable", "restorePossibleForType"], "displayType": "table", "metadata": {"rdfSubject": "0", "rowLabel": "Row", "rdfClass": "", "renderTypeConfig": {"visible": {"table": true}}, "custom_fields": {"Common Core": {"Publisher": "National Center for Health Statistics", "Contact Name": "National Center for Health Statistics", "Program Code": "009:020", "Contact Email": "nchsdata@cdc.gov", "Bureau Code": "009:00"}}, "availableDisplayTypes": ["table", "fatrow", "page"], "rowIdentifier": "0"}, "viewCount": 1696, "downloadCount": 9167, "totalTimesRated": 0, "tags": ["children", "death rates", "mortality", "united states", "nchs"], "query": {}, "rowClass": "", "licenseId": "USGOV_WORKS", "description": "This dataset of U.S. mortality trends since 1900 highlights childhood mortality rates by age group for age at death.\r\n\r\nAge-adjusted death rates (deaths per 100,000) after 1998 are calculated based on the 2000 U.S. standard population. Populations used for computing death rates for 2011\u20132015 are postcensal estimates based on the 2010 census, estimated as of July 1, 2010. Rates for census years are based on populations enumerated in the corresponding censuses. Rates for noncensus years between 2000 and 2010 are revised using updated intercensal population estimates and may differ from rates previously published. Data on age-adjusted death rates prior to 1999 are taken from historical data (see References below).\r\n\r\nAge groups for childhood death rates are based on age at death.\r\n\r\nSOURCES\r\n\r\nCDC/NCHS, National Vital Statistics System, historical data, 1900-1998 (see https://www.cdc.gov/nchs/nvss/mortality_historical_data.htm); CDC/NCHS, National Vital Statistics System, mortality data (see http://www.cdc.gov/nchs/deaths.htm); and CDC WONDER (see http://wonder.cdc.gov).\r\n\r\nREFERENCES\r\n\r\n1. National Center for Health Statistics, Data Warehouse. Comparability of cause-of-death between ICD revisions. 2008. Available from: http://www.cdc.gov/nchs/nvss/mortality/comparability_icd.htm.\r\n\r\n2. National Center for Health Statistics. Vital statistics data available. Mortality multiple cause files. Hyattsville, MD: National Center for Health Statistics. Available from: https://www.cdc.gov/nchs/data_access/vitalstatsonline.htm.\r\n\r\n3. Murphy SL, Xu JQ, Kochanek KD, Curtin SC, and Arias E. Deaths: Final data for 2015. National vital statistics reports; vol 66. no. 6. Hyattsville, MD: National Center for Health Statistics. 2017. Available from: https://www.cdc.gov/nchs/data/nvsr/nvsr66/nvsr66_06.pdf.\r\n\r\n4. Arias E, Heron M, and Xu JQ. United States life tables, 2014. National vital statistics reports; vol 66 no 4. Hyattsville, MD: National Center for Health Statistics. 2017. Available from: https://www.cdc.gov/nchs/data/nvsr/nvsr66/nvsr66_04.pdf.\r\n\r\n5. National Center for Health Statistics. Historical Data, 1900-1998. 2009. Available from: https://www.cdc.gov/nchs/nvss/mortality_historical_data.htm.", "tableAuthor": {"displayName": "NCHS", "flags": ["mayBeStoriesCoOwner"], "profileImageUrlLarge": "/api/users/ki96-txhe/profile_images/LARGE", "profileImageUrlSmall": "/api/users/ki96-txhe/profile_images/TINY", "id": "ki96-txhe", "screenName": "NCHS", "profileImageUrlMedium": "/api/users/ki96-txhe/profile_images/THUMB", "type": "interactive"}, "id": "v6ab-adf5", "rowsUpdatedAt": 1504106614, "rights": ["read"], "newBackend": true, "oid": 26694194, "hideFromDataJson": false, "rowsUpdatedBy": "d4v5-xsf4", "viewType": "tabular", "name": "NCHS - Childhood Mortality Rates", "attribution": "National Center for Health Statistics", "tableId": 14432255, "license": {"name": "Public Domain U.S. Government", "termsLink": "https://www.usa.gov/government-works"}, "provenance": "official", "publicationAppendEnabled": false, "grants": [{"flags": ["public"], "type": "viewer", "inherited": false}], "publicationStage": "published"}