{"viewLastModified": 1516074867, "indexUpdatedAt": 1516074891, "publicationGroup": 3554880, "columns": [{"cachedContents": {"null": 0, "largest": "Neonatal", "smallest": "Infant", "non_null": 198, "top": [{"count": 20, "item": "Infant"}, {"count": 19, "item": "Neonatal"}]}, "width": 148, "tableColumnId": 29760016, "position": 1, "fieldName": "type", "format": {}, "id": 260067042, "renderTypeName": "text", "dataTypeName": "text", "name": "Type"}, {"cachedContents": {"largest": "2013", "smallest": "1915", "average": "1964", "top": [{"count": 20, "item": "1980"}, {"count": 19, "item": "1981"}, {"count": 18, "item": "1982"}, {"count": 17, "item": "1983"}, {"count": 16, "item": "1984"}, {"count": 15, "item": "1985"}, {"count": 14, "item": "1986"}, {"count": 13, "item": "1987"}, {"count": 12, "item": "1988"}, {"count": 11, "item": "1989"}, {"count": 10, "item": "1990"}, {"count": 9, "item": "1991"}, {"count": 8, "item": "1992"}, {"count": 7, "item": "1993"}, {"count": 6, "item": "1994"}, {"count": 5, "item": "1995"}, {"count": 4, "item": "1996"}, {"count": 3, "item": "1997"}, {"count": 2, "item": "1998"}, {"count": 1, "item": "1999"}], "null": 0, "non_null": 198, "sum": "388872"}, "width": 148, "tableColumnId": 29760017, "position": 2, "fieldName": "year", "format": {"noCommas": "true", "align": "right", "precisionStyle": "standard"}, "id": 260067043, "renderTypeName": "number", "dataTypeName": "number", "name": "Year"}, {"cachedContents": {"largest": "101.00", "smallest": "4.01", "average": "25.08515151515152", "top": [{"count": 20, "item": "24.70"}, {"count": 19, "item": "19.10"}, {"count": 18, "item": "7.30"}, {"count": 17, "item": "7.00"}, {"count": 16, "item": "6.70"}, {"count": 15, "item": "6.50"}, {"count": 14, "item": "6.30"}, {"count": 13, "item": "6.20"}, {"count": 12, "item": "5.80"}, {"count": 11, "item": "5.60"}, {"count": 10, "item": "5.40"}, {"count": 9, "item": "5.30"}, {"count": 8, "item": "5.10"}, {"count": 7, "item": "4.90"}, {"count": 6, "item": "4.80"}, {"count": 5, "item": "4.70"}, {"count": 4, "item": "4.60"}, {"count": 3, "item": "4.50"}, {"count": 2, "item": "4.62"}, {"count": 1, "item": "4.52"}], "null": 0, "non_null": 198, "sum": "4966.86"}, "width": 268, "tableColumnId": 29760018, "position": 3, "fieldName": "mortality_rate", "format": {"noCommas": "false", "align": "right", "precision": "1", "precisionStyle": "standard"}, "id": 260067044, "renderTypeName": "number", "dataTypeName": "number", "name": "Mortality Rate"}], "category": "NCHS", "averageRating": 0, "hideFromCatalog": false, "createdAt": 1436900063, "publicationDate": 1466618161, "numberOfComments": 0, "owner": {"displayName": "NCHS", "flags": ["mayBeStoriesCoOwner"], "profileImageUrlLarge": "/api/users/ki96-txhe/profile_images/LARGE", "profileImageUrlSmall": "/api/users/ki96-txhe/profile_images/TINY", "id": "ki96-txhe", "screenName": "NCHS", "profileImageUrlMedium": "/api/users/ki96-txhe/profile_images/THUMB", "type": "interactive"}, "flags": ["default", "restorable", "restorePossibleForType"], "displayType": "table", "metadata": {"rdfSubject": "0", "rowLabel": "Row", "rdfClass": "", "renderTypeConfig": {"visible": {"table": true}}, "custom_fields": {"Common Core": {"Publisher": "National Center for Health Statistics", "Contact Name": "National Center for Health Statistics", "Program Code": "009:020", "Contact Email": "nchsdata@cdc.gov", "Bureau Code": "009:00"}}, "availableDisplayTypes": ["table", "fatrow", "page"], "rowIdentifier": "0"}, "viewCount": 1422, "downloadCount": 10242, "totalTimesRated": 0, "tags": ["infant", "neonatal", "mortality", "united states", "nchs"], "query": {}, "rowClass": "", "licenseId": "PUBLIC_DOMAIN", "description": "Rates are infants (under 1 year) and neonatal (under 28 days) deaths per 1,000 live births.\r\n\r\nhttps://www.cdc.gov/nchs/data-visualization/mortality-trends/", "tableAuthor": {"displayName": "NCHS", "flags": ["mayBeStoriesCoOwner"], "profileImageUrlLarge": "/api/users/ki96-txhe/profile_images/LARGE", "profileImageUrlSmall": "/api/users/ki96-txhe/profile_images/TINY", "id": "ki96-txhe", "screenName": "NCHS", "profileImageUrlMedium": "/api/users/ki96-txhe/profile_images/THUMB", "type": "interactive"}, "id": "epev-k6ss", "rowsUpdatedAt": 1466618103, "rights": ["read"], "newBackend": true, "oid": 21863402, "hideFromDataJson": false, "rowsUpdatedBy": "ki96-txhe", "viewType": "tabular", "name": "NCHS - Infant and neonatal mortality rates: United States, 1915-2013", "attribution": "National Center for Health Statistics", "tableId": 11485477, "license": {"name": "Public Domain"}, "provenance": "official", "publicationAppendEnabled": false, "grants": [{"flags": ["public"], "type": "viewer", "inherited": false}], "publicationStage": "published"}